{
  "GET EPAO Details" : {
    "transaction" : "GET EPAO Details",
    "sampleCount" : 1,
    "errorCount" : 0,
    "errorPct" : 0.0,
    "meanResTime" : 111.0,
    "medianResTime" : 111.0,
    "minResTime" : 111.0,
    "maxResTime" : 111.0,
    "pct1ResTime" : 111.0,
    "pct2ResTime" : 111.0,
    "pct3ResTime" : 111.0,
    "throughput" : 9.00900900900901,
    "receivedKBytesPerSec" : 5.35789695945946,
    "sentKBytesPerSec" : 2.1290822072072073
  },
  "Total" : {
    "transaction" : "Total",
    "sampleCount" : 3,
    "errorCount" : 0,
    "errorPct" : 0.0,
    "meanResTime" : 1517.6666666666665,
    "medianResTime" : 111.0,
    "minResTime" : 108.0,
    "maxResTime" : 4334.0,
    "pct1ResTime" : 4334.0,
    "pct2ResTime" : 4334.0,
    "pct3ResTime" : 4334.0,
    "throughput" : 0.6108735491753208,
    "receivedKBytesPerSec" : 21.30242535888821,
    "sentKBytesPerSec" : 0.14436660048869884
  },
  "GET EPAO Courses" : {
    "transaction" : "GET EPAO Courses",
    "sampleCount" : 1,
    "errorCount" : 0,
    "errorPct" : 0.0,
    "meanResTime" : 108.0,
    "medianResTime" : 108.0,
    "minResTime" : 108.0,
    "maxResTime" : 108.0,
    "pct1ResTime" : 108.0,
    "pct2ResTime" : 108.0,
    "pct3ResTime" : 108.0,
    "throughput" : 9.25925925925926,
    "receivedKBytesPerSec" : 5.570023148148148,
    "sentKBytesPerSec" : 2.2605613425925926
  },
  "GET All EPAOs" : {
    "transaction" : "GET All EPAOs",
    "sampleCount" : 1,
    "errorCount" : 0,
    "errorPct" : 0.0,
    "meanResTime" : 4334.0,
    "medianResTime" : 4334.0,
    "minResTime" : 4334.0,
    "maxResTime" : 4334.0,
    "pct1ResTime" : 4334.0,
    "pct2ResTime" : 4334.0,
    "pct3ResTime" : 4334.0,
    "throughput" : 0.23073373327180433,
    "receivedKBytesPerSec" : 23.862464668897093,
    "sentKBytesPerSec" : 0.05272626326718967
  }
}